[
    {
        "actionName": "Action",
        "steps": [
            {
                "stepId": "STEP5",
                "stepName": "Url: canonical.html_3",
                "infFile": "t5.inf",
                "time": 1767780760409
            },
            {
                "stepId": "STEP6",
                "stepName": "Url: welcome.pl",
                "infFile": "t6.inf",
                "time": 1767780760821
            },
            {
                "stepId": "STEP7",
                "stepName": "Image: Itinerary Button",
                "infFile": "t7.inf",
                "time": 1767780760990
            }
        ],
        "transactions": [
            {
                "transactionName": "check_flights_01",
                "rawStartTime": 1767780760427,
                "rawEndTime": 1767780760838,
                "thinkTime": 0.0,
                "wastedTime": 0.0048863887786865238
            }
        ]
    }
]