[
    {
        "actionName": "vuser_init",
        "steps": [
            {
                "stepId": "STEP1",
                "stepName": "Url: WebTours",
                "infFile": "t1.inf",
                "time": 1767780754797
            },
            {
                "stepId": "STEP2",
                "stepName": "Url: canonical.html",
                "infFile": "t2.inf",
                "time": 1767780757125
            },
            {
                "stepId": "STEP3",
                "stepName": "Url: canonical.html_2",
                "infFile": "t3.inf",
                "time": 1767780759573
            },
            {
                "stepId": "STEP4",
                "stepName": "Submit Data: login.pl",
                "infFile": "t4.inf",
                "time": 1767780759649
            }
        ],
        "transactions": []
    }
]