[
    {
        "actionName": "Action",
        "steps": [
            {
                "stepId": "STEP1",
                "stepName": "Url: WebTours",
                "infFile": "t2.inf",
                "time": 1767776854375
            },
            {
                "stepId": "STEP2",
                "stepName": "Url: canonical.html",
                "infFile": "t3.inf",
                "time": 1767776856908
            },
            {
                "stepId": "STEP3",
                "stepName": "Url: canonical.html_2",
                "infFile": "t4.inf",
                "time": 1767776857619
            },
            {
                "stepId": "STEP4",
                "stepName": "Url: canonical.html_3",
                "infFile": "t5.inf",
                "time": 1767776858329
            },
            {
                "stepId": "STEP5",
                "stepName": "Submit Data: login.pl",
                "infFile": "t6.inf",
                "time": 1767776858578
            },
            {
                "stepId": "STEP6",
                "stepName": "Url: welcome.pl",
                "infFile": "t8.inf",
                "time": 1767776859553
            }
        ],
        "transactions": []
    }
]