[
    {
        "actionName": "vuser_init",
        "steps": [
            {
                "stepId": "STEP1",
                "stepName": "Url: WebTours",
                "infFile": "t1.inf",
                "time": 1767779306271
            },
            {
                "stepId": "STEP2",
                "stepName": "Url: canonical.html",
                "infFile": "t2.inf",
                "time": 1767779309056
            },
            {
                "stepId": "STEP3",
                "stepName": "Url: canonical.html_2",
                "infFile": "t3.inf",
                "time": 1767779309859
            },
            {
                "stepId": "STEP4",
                "stepName": "Url: canonical.html_3",
                "infFile": "t4.inf",
                "time": 1767779310598
            }
        ],
        "transactions": []
    }
]