{"OutputFileHashSum":"2BC254E7141ECA0D66E69A93306D75E99FA0EABC9628741737AADDDEF856491B","Converted":true,"OutputModifyDate":"2026-01-07T10:12:41.0925207Z","Metadatas":[{"CategoryName":"VuGen.Replay","Offset":11312,"Length":23,"TypeId":1},{"CategoryName":"VuGen.Replay","Offset":11335,"Length":226,"TypeId":2},{"CategoryName":"VuGen.Replay","Offset":16053,"Length":63,"TypeId":3},{"CategoryName":"VuGen.Replay","Offset":17544,"Length":121,"TypeId":3},{"CategoryName":"VuGen.Replay","Offset":19049,"Length":21,"TypeId":1}],"MetadataTypes":[{"CategoryName":"VuGen.Replay","MetadataTypeName":"HP.LR.Vugen.Iteration","Id":1},{"CategoryName":"VuGen.Replay","MetadataTypeName":"Utt.Debugger.Warning","Id":2},{"CategoryName":"VuGen.Replay","MetadataTypeName":"HP.LR.Vugen.NotifyTransaction","Id":3}]}