{"OutputFileHashSum":"E02363CD74D554B5FDE069A3C8B85766FC8F4C8CF58E884B0F48F4754E14D3A5","Converted":true,"OutputModifyDate":"2026-01-07T10:02:17.761932Z","Metadatas":[{"CategoryName":"VuGen.Replay","Offset":11391,"Length":23,"TypeId":1},{"CategoryName":"VuGen.Replay","Offset":11414,"Length":226,"TypeId":2},{"CategoryName":"VuGen.Replay","Offset":13175,"Length":21,"TypeId":1}],"MetadataTypes":[{"CategoryName":"VuGen.Replay","MetadataTypeName":"HP.LR.Vugen.Iteration","Id":1},{"CategoryName":"VuGen.Replay","MetadataTypeName":"Utt.Debugger.Warning","Id":2}]}