{"OutputFileHashSum":"BBCAB1E8102C2FE1CF2637D692C2EF44C488AE6F398B08478899A8510579E536","Converted":true,"OutputModifyDate":"2026-01-07T09:48:30.973703Z","Metadatas":[{"CategoryName":"VuGen.Replay","Offset":15414,"Length":23,"TypeId":1},{"CategoryName":"VuGen.Replay","Offset":15437,"Length":226,"TypeId":2},{"CategoryName":"VuGen.Replay","Offset":16165,"Length":21,"TypeId":1}],"MetadataTypes":[{"CategoryName":"VuGen.Replay","MetadataTypeName":"HP.LR.Vugen.Iteration","Id":1},{"CategoryName":"VuGen.Replay","MetadataTypeName":"Utt.Debugger.Warning","Id":2}]}